q1_crenca_inicial,q2_credibilidade,q3_verificacao,q4_confianca_redes,q6_abertura_mudanca,q7_compartilhamento,q8_emocao,perfil_original,q5_mudanca_opiniao,resultado_verificacao,cluster_id,perfil_previsto
2,2,4,1,5,1,3,Verificador crítico,2,VERDADEIRA,0,Verificador crítico
1,2,5,2,5,1,3,Verificador crítico,5,VERDADEIRA,0,Verificador crítico
2,2,5,3,4,2,2,Verificador crítico,4,FALSA,0,Verificador crítico
1,2,5,1,5,2,3,Verificador crítico,1,FALSA,0,Verificador crítico
2,2,5,3,4,1,2,Verificador crítico,5,FALSA,0,Verificador crítico
1,2,5,2,4,2,3,Verificador crítico,3,VERDADEIRA,0,Verificador crítico
2,3,4,2,5,2,3,Verificador crítico,3,VERDADEIRA,0,Verificador crítico
1,4,5,2,5,1,3,Verificador crítico,5,VERDADEIRA,0,Verificador crítico
2,2,5,2,4,1,2,Verificador crítico,4,FALSA,0,Verificador crítico
2,1,5,2,5,2,3,Verificador crítico,5,FALSA,0,Verificador crítico
4,3,5,2,5,1,2,Verificador crítico,2,FALSA,0,Verificador crítico
2,2,5,1,5,2,2,Verificador crítico,4,FALSA,0,Verificador crítico
3,2,5,2,5,1,2,Verificador crítico,5,FALSA,0,Verificador crítico
2,2,5,3,5,1,3,Verificador crítico,1,VERDADEIRA,0,Verificador crítico
1,1,5,2,5,1,3,Verificador crítico,4,VERDADEIRA,0,Verificador crítico
2,2,5,1,4,2,2,Verificador crítico,5,VERDADEIRA,4,Cético de baixa circulação
1,2,4,2,4,2,3,Verificador crítico,1,FALSA,0,Verificador crítico
1,2,5,2,4,2,3,Verificador crítico,5,VERDADEIRA,0,Verificador crítico
3,2,5,1,5,2,2,Verificador crítico,2,FALSA,0,Verificador crítico
2,2,5,2,4,1,2,Verificador crítico,3,VERDADEIRA,0,Verificador crítico
2,2,5,3,5,2,2,Verificador crítico,5,VERDADEIRA,0,Verificador crítico
2,2,5,2,5,1,2,Verificador crítico,4,FALSA,0,Verificador crítico
1,3,5,3,4,2,3,Verificador crítico,5,VERDADEIRA,0,Verificador crítico
2,2,5,3,5,1,3,Verificador crítico,5,VERDADEIRA,0,Verificador crítico
3,2,5,2,4,1,3,Verificador crítico,5,VERDADEIRA,0,Verificador crítico
2,3,5,2,5,2,2,Verificador crítico,5,VERDADEIRA,0,Verificador crítico
3,2,4,1,5,2,1,Verificador crítico,4,VERDADEIRA,4,Cético de baixa circulação
1,2,3,2,5,3,3,Verificador crítico,4,VERDADEIRA,0,Verificador crítico
1,1,5,2,5,2,3,Verificador crítico,5,VERDADEIRA,0,Verificador crítico
2,4,5,2,5,1,1,Verificador crítico,3,FALSA,0,Verificador crítico
2,3,4,2,5,2,2,Verificador crítico,5,VERDADEIRA,0,Verificador crítico
1,1,4,3,5,1,3,Verificador crítico,4,FALSA,0,Verificador crítico
2,2,5,2,5,2,3,Verificador crítico,2,VERDADEIRA,0,Verificador crítico
2,2,5,2,5,1,3,Verificador crítico,5,FALSA,0,Verificador crítico
1,2,3,1,4,2,3,Verificador crítico,5,FALSA,4,Cético de baixa circulação
1,2,5,2,5,2,3,Verificador crítico,5,VERDADEIRA,0,Verificador crítico
2,2,5,1,5,3,2,Verificador crítico,5,FALSA,0,Verificador crítico
3,1,5,3,5,1,1,Verificador crítico,1,FALSA,0,Verificador crítico
2,1,5,3,5,2,2,Verificador crítico,5,VERDADEIRA,0,Verificador crítico
3,2,4,3,5,1,2,Verificador crítico,4,FALSA,0,Verificador crítico
1,1,5,2,5,2,2,Verificador crítico,4,VERDADEIRA,0,Verificador crítico
2,2,4,1,5,3,3,Verificador crítico,1,FALSA,0,Verificador crítico
3,2,5,3,4,2,3,Verificador crítico,5,FALSA,0,Verificador crítico
2,2,5,1,5,2,3,Verificador crítico,3,FALSA,0,Verificador crítico
2,2,5,1,5,1,2,Verificador crítico,5,FALSA,0,Verificador crítico
1,2,5,3,5,2,2,Verificador crítico,4,VERDADEIRA,0,Verificador crítico
2,3,5,3,5,2,3,Verificador crítico,2,VERDADEIRA,0,Verificador crítico
1,2,4,4,5,2,2,Verificador crítico,2,VERDADEIRA,0,Verificador crítico
1,1,5,3,4,1,2,Verificador crítico,3,VERDADEIRA,0,Verificador crítico
1,2,5,2,4,2,3,Verificador crítico,5,VERDADEIRA,0,Verificador crítico
5,5,2,5,2,5,4,Crente resistente,1,FALSA,1,Crente resistente
5,5,1,5,1,4,5,Crente resistente,5,VERDADEIRA,1,Crente resistente
5,5,2,4,1,5,3,Crente resistente,3,FALSA,1,Crente resistente
5,5,1,5,1,4,4,Crente resistente,3,VERDADEIRA,1,Crente resistente
4,5,3,5,1,5,3,Crente resistente,3,VERDADEIRA,1,Crente resistente
5,4,2,5,1,3,5,Crente resistente,2,VERDADEIRA,1,Crente resistente
5,4,2,5,1,4,5,Crente resistente,5,VERDADEIRA,1,Crente resistente
5,5,1,4,1,4,5,Crente resistente,5,FALSA,1,Crente resistente
4,4,2,5,1,4,4,Crente resistente,1,VERDADEIRA,1,Crente resistente
5,5,3,3,2,5,5,Crente resistente,3,FALSA,3,Compartilhador impulsivo
5,5,2,4,1,5,3,Crente resistente,3,FALSA,1,Crente resistente
5,5,1,4,2,4,2,Crente resistente,4,VERDADEIRA,1,Crente resistente
5,5,2,4,2,5,3,Crente resistente,4,FALSA,1,Crente resistente
5,5,1,5,2,5,4,Crente resistente,2,FALSA,1,Crente resistente
4,5,3,4,1,5,4,Crente resistente,5,VERDADEIRA,1,Crente resistente
5,5,1,5,2,4,5,Crente resistente,1,FALSA,1,Crente resistente
5,5,1,4,1,4,4,Crente resistente,1,VERDADEIRA,1,Crente resistente
4,4,1,5,2,4,5,Crente resistente,3,VERDADEIRA,3,Compartilhador impulsivo
5,5,1,4,1,5,4,Crente resistente,1,FALSA,1,Crente resistente
5,5,1,5,2,5,4,Crente resistente,3,FALSA,1,Crente resistente
5,4,2,3,2,4,4,Crente resistente,5,FALSA,5,Reativo emocional
5,5,2,5,1,5,3,Crente resistente,1,FALSA,1,Crente resistente
5,5,1,3,3,5,5,Crente resistente,3,FALSA,3,Compartilhador impulsivo
4,5,2,4,1,3,4,Crente resistente,5,FALSA,1,Crente resistente
5,4,3,3,1,4,4,Crente resistente,5,FALSA,1,Crente resistente
5,4,1,5,2,5,3,Crente resistente,3,VERDADEIRA,1,Crente resistente
5,5,1,4,1,5,5,Crente resistente,3,VERDADEIRA,3,Compartilhador impulsivo
5,4,1,4,1,5,4,Crente resistente,2,VERDADEIRA,1,Crente resistente
5,5,1,4,2,5,4,Crente resistente,5,FALSA,1,Crente resistente
4,5,1,5,1,4,4,Crente resistente,3,FALSA,1,Crente resistente
5,2,2,4,2,5,5,Crente resistente,5,FALSA,3,Compartilhador impulsivo
5,4,1,4,1,4,4,Crente resistente,1,VERDADEIRA,1,Crente resistente
5,5,1,4,1,4,4,Crente resistente,4,VERDADEIRA,1,Crente resistente
5,4,1,5,1,4,5,Crente resistente,4,VERDADEIRA,1,Crente resistente
5,5,1,5,2,5,4,Crente resistente,3,FALSA,1,Crente resistente
5,5,1,5,1,5,3,Crente resistente,3,VERDADEIRA,1,Crente resistente
5,4,1,5,1,4,5,Crente resistente,5,VERDADEIRA,1,Crente resistente
4,5,1,5,1,4,4,Crente resistente,3,FALSA,1,Crente resistente
5,4,1,3,2,4,4,Crente resistente,5,VERDADEIRA,3,Compartilhador impulsivo
5,5,1,5,1,4,4,Crente resistente,3,VERDADEIRA,1,Crente resistente
5,5,2,4,1,4,4,Crente resistente,5,VERDADEIRA,1,Crente resistente
5,4,1,2,2,4,2,Crente resistente,3,FALSA,1,Crente resistente
4,5,1,5,2,5,2,Crente resistente,2,VERDADEIRA,1,Crente resistente
5,5,1,4,1,5,5,Crente resistente,5,FALSA,3,Compartilhador impulsivo
5,5,3,5,1,4,5,Crente resistente,2,FALSA,1,Crente resistente
5,4,2,4,1,3,4,Crente resistente,2,VERDADEIRA,1,Crente resistente
5,5,2,4,2,5,4,Crente resistente,2,VERDADEIRA,1,Crente resistente
5,5,2,5,1,3,3,Crente resistente,2,FALSA,1,Crente resistente
5,4,2,5,2,5,4,Crente resistente,1,FALSA,1,Crente resistente
5,4,2,5,1,4,4,Crente resistente,4,FALSA,1,Crente resistente
5,5,2,3,3,4,4,Crente resistente,1,FALSA,5,Reativo emocional
5,5,2,5,2,4,3,Crente resistente,3,FALSA,1,Crente resistente
4,5,1,4,3,5,4,Crente resistente,3,VERDADEIRA,3,Compartilhador impulsivo
5,5,2,5,1,4,5,Crente resistente,4,FALSA,1,Crente resistente
5,3,1,4,1,5,4,Crente resistente,4,VERDADEIRA,3,Compartilhador impulsivo
4,5,2,4,1,5,5,Crente resistente,4,FALSA,3,Compartilhador impulsivo
5,5,1,4,1,5,4,Crente resistente,2,VERDADEIRA,1,Crente resistente
4,5,1,4,3,4,5,Crente resistente,1,FALSA,3,Compartilhador impulsivo
5,3,2,5,3,4,5,Crente resistente,3,VERDADEIRA,3,Compartilhador impulsivo
4,5,1,5,2,3,2,Crente resistente,1,VERDADEIRA,1,Crente resistente
5,5,2,4,3,5,4,Crente resistente,1,FALSA,3,Compartilhador impulsivo
5,5,2,4,1,4,3,Crente resistente,1,FALSA,1,Crente resistente
5,4,2,4,2,4,5,Crente resistente,4,VERDADEIRA,3,Compartilhador impulsivo
5,4,2,4,3,5,4,Crente resistente,4,VERDADEIRA,3,Compartilhador impulsivo
4,5,2,5,1,4,5,Crente resistente,3,VERDADEIRA,1,Crente resistente
5,4,2,5,1,5,4,Crente resistente,3,FALSA,1,Crente resistente
5,5,2,4,2,4,5,Crente resistente,3,FALSA,3,Compartilhador impulsivo
5,5,1,4,2,4,4,Crente resistente,1,FALSA,1,Crente resistente
4,4,1,5,3,4,4,Crente resistente,4,FALSA,3,Compartilhador impulsivo
4,5,2,5,2,5,4,Crente resistente,2,VERDADEIRA,1,Crente resistente
5,5,2,5,1,3,5,Crente resistente,1,FALSA,1,Crente resistente
5,5,2,5,2,3,4,Crente resistente,5,FALSA,1,Crente resistente
5,5,3,4,2,5,3,Crente resistente,1,FALSA,1,Crente resistente
5,5,1,4,2,4,4,Crente resistente,4,FALSA,1,Crente resistente
5,5,1,5,1,5,5,Crente resistente,5,FALSA,1,Crente resistente
5,4,2,5,2,5,2,Crente resistente,1,VERDADEIRA,1,Crente resistente
5,5,2,2,2,4,3,Crente resistente,4,FALSA,1,Crente resistente
5,5,2,5,1,4,3,Crente resistente,4,VERDADEIRA,1,Crente resistente
4,4,1,5,1,4,3,Crente resistente,2,FALSA,1,Crente resistente
5,5,3,5,2,4,4,Crente resistente,1,FALSA,1,Crente resistente
5,5,1,4,1,4,3,Crente resistente,4,FALSA,1,Crente resistente
5,5,1,5,2,5,4,Crente resistente,3,FALSA,1,Crente resistente
4,5,2,4,1,5,4,Crente resistente,4,VERDADEIRA,1,Crente resistente
5,5,2,4,2,4,4,Crente resistente,2,VERDADEIRA,1,Crente resistente
4,5,2,4,1,3,3,Crente resistente,4,FALSA,1,Crente resistente
4,5,2,4,1,4,5,Crente resistente,1,VERDADEIRA,3,Compartilhador impulsivo
5,5,2,5,1,5,5,Crente resistente,1,VERDADEIRA,1,Crente resistente
5,5,1,5,2,4,4,Crente resistente,5,FALSA,1,Crente resistente
3,5,1,5,1,4,5,Crente resistente,1,VERDADEIRA,1,Crente resistente
5,4,2,4,1,4,5,Crente resistente,5,VERDADEIRA,3,Compartilhador impulsivo
4,5,1,5,1,4,3,Crente resistente,3,FALSA,1,Crente resistente
5,4,2,3,2,5,3,Crente resistente,2,FALSA,1,Crente resistente
5,5,3,4,3,3,4,Crente resistente,3,VERDADEIRA,5,Reativo emocional
4,5,1,4,2,4,4,Crente resistente,5,FALSA,1,Crente resistente
4,5,2,5,3,3,4,Crente resistente,4,FALSA,1,Crente resistente
5,5,1,4,2,5,4,Crente resistente,4,FALSA,1,Crente resistente
4,5,1,5,2,4,5,Crente resistente,3,VERDADEIRA,3,Compartilhador impulsivo
4,5,1,5,2,4,4,Crente resistente,4,FALSA,1,Crente resistente
5,4,1,5,2,5,4,Crente resistente,5,FALSA,1,Crente resistente
5,4,1,5,1,3,5,Crente resistente,2,VERDADEIRA,1,Crente resistente
4,5,1,5,1,5,3,Crente resistente,1,VERDADEIRA,1,Crente resistente
5,4,3,4,1,4,4,Crente resistente,5,VERDADEIRA,1,Crente resistente
5,4,1,5,1,4,4,Crente resistente,5,VERDADEIRA,1,Crente resistente
5,4,1,5,1,4,5,Crente resistente,1,VERDADEIRA,1,Crente resistente
5,5,2,4,2,4,3,Crente resistente,1,FALSA,1,Crente resistente
5,5,2,4,1,4,3,Crente resistente,2,VERDADEIRA,1,Crente resistente
5,5,1,3,2,4,5,Crente resistente,2,FALSA,3,Compartilhador impulsivo
5,5,1,3,2,5,4,Crente resistente,2,VERDADEIRA,3,Compartilhador impulsivo
4,5,1,4,1,4,3,Crente resistente,4,FALSA,1,Crente resistente
5,5,2,4,2,3,3,Crente resistente,5,FALSA,1,Crente resistente
5,5,1,5,2,5,4,Crente resistente,1,VERDADEIRA,1,Crente resistente
4,5,2,5,1,5,3,Crente resistente,5,VERDADEIRA,1,Crente resistente
5,5,2,4,1,4,5,Crente resistente,5,VERDADEIRA,1,Crente resistente
5,4,2,5,3,5,4,Crente resistente,2,VERDADEIRA,3,Compartilhador impulsivo
5,5,1,4,2,5,5,Crente resistente,2,VERDADEIRA,3,Compartilhador impulsivo
5,4,1,4,1,5,4,Crente resistente,5,VERDADEIRA,1,Crente resistente
5,5,2,5,3,4,5,Crente resistente,2,FALSA,3,Compartilhador impulsivo
5,4,1,5,2,5,5,Crente resistente,4,FALSA,3,Compartilhador impulsivo
4,5,2,5,1,4,3,Crente resistente,1,FALSA,1,Crente resistente
5,5,1,5,2,5,5,Crente resistente,5,FALSA,3,Compartilhador impulsivo
5,4,3,4,5,4,3,Crente flexível,1,FALSA,2,Crente flexível
5,5,3,3,4,2,3,Crente flexível,4,VERDADEIRA,2,Crente flexível
4,5,3,4,5,2,2,Crente flexível,2,VERDADEIRA,2,Crente flexível
4,3,4,4,5,2,3,Crente flexível,3,FALSA,2,Crente flexível
5,5,5,3,5,2,3,Crente flexível,4,FALSA,2,Crente flexível
5,3,5,3,5,2,3,Crente flexível,3,VERDADEIRA,2,Crente flexível
4,4,4,2,4,2,3,Crente flexível,1,VERDADEIRA,2,Crente flexível
5,4,3,2,5,3,4,Crente flexível,5,VERDADEIRA,2,Crente flexível
5,5,4,4,5,3,4,Crente flexível,2,VERDADEIRA,2,Crente flexível
5,3,4,4,4,3,3,Crente flexível,4,FALSA,2,Crente flexível
5,4,5,3,5,4,4,Crente flexível,2,FALSA,2,Crente flexível
5,5,4,2,5,3,4,Crente flexível,3,VERDADEIRA,2,Crente flexível
4,4,4,3,5,3,2,Crente flexível,3,VERDADEIRA,2,Crente flexível
5,4,5,4,5,2,3,Crente flexível,5,FALSA,2,Crente flexível
5,4,4,4,4,2,2,Crente flexível,3,FALSA,2,Crente flexível
4,4,5,3,5,3,3,Crente flexível,5,FALSA,2,Crente flexível
5,4,5,5,5,3,3,Crente flexível,4,VERDADEIRA,2,Crente flexível
4,5,3,3,4,2,2,Crente flexível,5,FALSA,2,Crente flexível
4,5,3,4,4,3,2,Crente flexível,3,VERDADEIRA,2,Crente flexível
5,3,4,2,5,3,2,Crente flexível,1,VERDADEIRA,2,Crente flexível
4,4,5,4,4,3,2,Crente flexível,5,VERDADEIRA,2,Crente flexível
4,5,5,2,5,2,2,Crente flexível,2,FALSA,2,Crente flexível
5,5,2,4,4,2,4,Crente flexível,1,FALSA,2,Crente flexível
5,4,3,4,5,2,3,Crente flexível,5,VERDADEIRA,2,Crente flexível
4,4,4,3,5,3,2,Crente flexível,2,FALSA,2,Crente flexível
4,3,4,2,5,2,2,Crente flexível,1,VERDADEIRA,2,Crente flexível
4,5,4,2,4,2,5,Crente flexível,5,FALSA,2,Crente flexível
4,4,5,3,5,2,3,Crente flexível,4,VERDADEIRA,2,Crente flexível
5,4,5,3,4,2,4,Crente flexível,2,VERDADEIRA,2,Crente flexível
5,4,3,2,4,2,3,Crente flexível,4,FALSA,2,Crente flexível
3,5,3,2,5,3,4,Crente flexível,3,FALSA,2,Crente flexível
5,5,3,5,4,2,3,Crente flexível,5,VERDADEIRA,2,Crente flexível
3,4,3,3,5,3,3,Crente flexível,5,FALSA,2,Crente flexível
2,5,5,2,5,3,4,Crente flexível,2,VERDADEIRA,2,Crente flexível
4,4,4,4,5,2,4,Crente flexível,5,VERDADEIRA,2,Crente flexível
3,5,3,4,4,2,3,Crente flexível,3,VERDADEIRA,2,Crente flexível
5,4,4,3,5,2,3,Crente flexível,5,VERDADEIRA,2,Crente flexível
5,4,3,3,4,1,4,Crente flexível,1,VERDADEIRA,2,Crente flexível
3,4,5,3,5,2,3,Crente flexível,4,VERDADEIRA,2,Crente flexível
4,5,4,3,5,4,3,Crente flexível,3,VERDADEIRA,2,Crente flexível
4,5,3,3,5,2,3,Crente flexível,3,VERDADEIRA,2,Crente flexível
4,4,4,3,5,3,4,Crente flexível,4,FALSA,2,Crente flexível
4,5,4,2,5,1,3,Crente flexível,4,FALSA,2,Crente flexível
5,5,4,3,5,2,2,Crente flexível,3,VERDADEIRA,2,Crente flexível
4,4,3,3,5,2,3,Crente flexível,4,VERDADEIRA,2,Crente flexível
4,4,4,3,5,3,3,Crente flexível,2,VERDADEIRA,2,Crente flexível
5,4,5,2,5,2,3,Crente flexível,4,FALSA,2,Crente flexível
5,4,5,3,5,3,3,Crente flexível,1,VERDADEIRA,2,Crente flexível
4,4,5,3,5,1,3,Crente flexível,1,VERDADEIRA,2,Crente flexível
5,4,5,3,5,2,3,Crente flexível,2,VERDADEIRA,2,Crente flexível
4,5,4,4,5,2,4,Crente flexível,4,FALSA,2,Crente flexível
5,3,3,3,4,4,4,Crente flexível,1,FALSA,5,Reativo emocional
4,4,4,2,4,4,4,Crente flexível,5,FALSA,2,Crente flexível
4,5,4,3,4,1,4,Crente flexível,4,VERDADEIRA,2,Crente flexível
3,4,4,3,5,2,3,Crente flexível,2,VERDADEIRA,2,Crente flexível
5,5,3,3,5,2,2,Crente flexível,4,FALSA,2,Crente flexível
5,5,3,3,5,2,3,Crente flexível,3,VERDADEIRA,2,Crente flexível
5,4,5,4,4,2,3,Crente flexível,3,FALSA,2,Crente flexível
3,5,3,3,4,3,4,Crente flexível,1,FALSA,2,Crente flexível
4,5,4,4,4,2,3,Crente flexível,3,VERDADEIRA,2,Crente flexível
5,5,4,3,5,3,3,Crente flexível,2,VERDADEIRA,2,Crente flexível
4,4,4,3,4,3,2,Crente flexível,1,VERDADEIRA,2,Crente flexível
4,3,4,2,3,2,3,Crente flexível,2,VERDADEIRA,2,Crente flexível
4,4,5,3,5,2,4,Crente flexível,2,FALSA,2,Crente flexível
5,4,3,2,5,2,3,Crente flexível,3,FALSA,2,Crente flexível
5,5,4,2,4,2,2,Crente flexível,3,FALSA,2,Crente flexível
5,4,4,2,5,2,4,Crente flexível,2,FALSA,2,Crente flexível
4,4,4,3,5,2,3,Crente flexível,3,FALSA,2,Crente flexível
3,5,5,3,4,2,3,Crente flexível,3,FALSA,2,Crente flexível
5,4,5,2,5,3,2,Crente flexível,3,VERDADEIRA,2,Crente flexível
3,5,5,3,4,3,4,Crente flexível,4,FALSA,2,Crente flexível
5,5,5,3,4,1,2,Crente flexível,2,VERDADEIRA,2,Crente flexível
4,5,5,3,4,4,3,Crente flexível,5,VERDADEIRA,2,Crente flexível
5,5,4,3,5,3,2,Crente flexível,2,FALSA,2,Crente flexível
4,5,4,5,5,4,2,Crente flexível,1,FALSA,2,Crente flexível
4,5,3,3,5,3,3,Crente flexível,3,VERDADEIRA,2,Crente flexível
4,5,4,3,5,3,3,Crente flexível,3,VERDADEIRA,2,Crente flexível
5,5,4,4,4,2,3,Crente flexível,5,FALSA,2,Crente flexível
4,3,2,4,4,4,4,Crente flexível,1,FALSA,5,Reativo emocional
4,5,4,2,5,2,3,Crente flexível,4,VERDADEIRA,2,Crente flexível
4,4,1,4,3,5,5,Compartilhador impulsivo,2,FALSA,3,Compartilhador impulsivo
5,5,1,4,2,3,4,Compartilhador impulsivo,4,FALSA,1,Crente resistente
5,5,1,4,2,5,5,Compartilhador impulsivo,1,FALSA,3,Compartilhador impulsivo
5,4,1,5,2,4,5,Compartilhador impulsivo,5,FALSA,3,Compartilhador impulsivo
4,4,1,4,2,5,5,Compartilhador impulsivo,1,FALSA,3,Compartilhador impulsivo
4,5,1,4,3,5,5,Compartilhador impulsivo,5,VERDADEIRA,3,Compartilhador impulsivo
3,4,2,5,1,5,5,Compartilhador impulsivo,4,FALSA,3,Compartilhador impulsivo
3,5,1,4,1,5,5,Compartilhador impulsivo,4,FALSA,3,Compartilhador impulsivo
5,4,2,3,2,4,5,Compartilhador impulsivo,1,VERDADEIRA,5,Reativo emocional
5,5,3,5,2,5,5,Compartilhador impulsivo,1,VERDADEIRA,3,Compartilhador impulsivo
5,5,1,5,2,4,4,Compartilhador impulsivo,3,FALSA,1,Crente resistente
3,4,1,5,2,5,4,Compartilhador impulsivo,5,FALSA,3,Compartilhador impulsivo
4,4,1,4,2,5,5,Compartilhador impulsivo,3,VERDADEIRA,3,Compartilhador impulsivo
5,4,1,4,2,4,5,Compartilhador impulsivo,2,FALSA,3,Compartilhador impulsivo
5,4,1,4,2,5,5,Compartilhador impulsivo,2,FALSA,3,Compartilhador impulsivo
5,5,1,4,2,5,4,Compartilhador impulsivo,1,FALSA,1,Crente resistente
5,4,2,4,2,5,5,Compartilhador impulsivo,4,VERDADEIRA,3,Compartilhador impulsivo
3,3,2,4,1,5,5,Compartilhador impulsivo,2,FALSA,3,Compartilhador impulsivo
4,5,2,5,2,5,5,Compartilhador impulsivo,2,FALSA,3,Compartilhador impulsivo
5,4,2,3,2,5,5,Compartilhador impulsivo,3,VERDADEIRA,3,Compartilhador impulsivo
4,4,1,4,1,4,4,Compartilhador impulsivo,3,FALSA,1,Crente resistente
4,5,2,3,2,5,5,Compartilhador impulsivo,2,FALSA,3,Compartilhador impulsivo
4,5,1,5,2,5,4,Compartilhador impulsivo,1,FALSA,1,Crente resistente
4,5,1,4,2,5,5,Compartilhador impulsivo,3,FALSA,3,Compartilhador impulsivo
5,5,2,4,2,5,4,Compartilhador impulsivo,2,VERDADEIRA,1,Crente resistente
4,4,2,4,3,5,5,Compartilhador impulsivo,4,VERDADEIRA,3,Compartilhador impulsivo
4,5,2,4,1,4,5,Compartilhador impulsivo,3,FALSA,3,Compartilhador impulsivo
4,3,1,4,2,5,5,Compartilhador impulsivo,2,FALSA,3,Compartilhador impulsivo
4,5,2,5,2,5,5,Compartilhador impulsivo,5,FALSA,3,Compartilhador impulsivo
5,4,2,4,1,4,4,Compartilhador impulsivo,3,FALSA,1,Crente resistente
5,4,2,4,2,4,5,Compartilhador impulsivo,5,VERDADEIRA,3,Compartilhador impulsivo
4,5,2,4,1,5,5,Compartilhador impulsivo,3,VERDADEIRA,3,Compartilhador impulsivo
5,5,2,4,2,5,5,Compartilhador impulsivo,3,VERDADEIRA,3,Compartilhador impulsivo
5,5,3,4,1,4,5,Compartilhador impulsivo,5,FALSA,1,Crente resistente
5,5,1,3,3,4,5,Compartilhador impulsivo,1,FALSA,3,Compartilhador impulsivo
4,4,2,4,2,5,4,Compartilhador impulsivo,2,FALSA,3,Compartilhador impulsivo
3,5,1,4,3,5,4,Compartilhador impulsivo,1,VERDADEIRA,3,Compartilhador impulsivo
4,5,2,5,1,5,5,Compartilhador impulsivo,1,VERDADEIRA,1,Crente resistente
3,4,2,3,1,4,5,Compartilhador impulsivo,2,VERDADEIRA,5,Reativo emocional
4,4,1,3,2,4,5,Compartilhador impulsivo,4,VERDADEIRA,5,Reativo emocional
5,3,1,4,2,5,5,Compartilhador impulsivo,1,VERDADEIRA,3,Compartilhador impulsivo
4,5,1,5,2,5,4,Compartilhador impulsivo,1,FALSA,1,Crente resistente
4,4,1,4,2,5,5,Compartilhador impulsivo,1,FALSA,3,Compartilhador impulsivo
5,3,2,3,3,5,5,Compartilhador impulsivo,4,FALSA,5,Reativo emocional
4,4,1,5,2,5,5,Compartilhador impulsivo,3,VERDADEIRA,3,Compartilhador impulsivo
5,4,3,5,2,5,5,Compartilhador impulsivo,5,FALSA,3,Compartilhador impulsivo
4,4,3,4,1,5,5,Compartilhador impulsivo,5,FALSA,3,Compartilhador impulsivo
5,5,1,5,2,5,5,Compartilhador impulsivo,4,VERDADEIRA,3,Compartilhador impulsivo
5,5,1,4,1,5,5,Compartilhador impulsivo,1,VERDADEIRA,3,Compartilhador impulsivo
4,4,3,4,1,4,5,Compartilhador impulsivo,5,VERDADEIRA,3,Compartilhador impulsivo
4,5,1,3,2,5,5,Compartilhador impulsivo,4,FALSA,3,Compartilhador impulsivo
5,3,1,4,2,4,5,Compartilhador impulsivo,2,VERDADEIRA,3,Compartilhador impulsivo
5,4,1,3,2,5,4,Compartilhador impulsivo,5,FALSA,3,Compartilhador impulsivo
4,4,1,4,3,5,5,Compartilhador impulsivo,2,FALSA,3,Compartilhador impulsivo
4,4,1,4,2,4,5,Compartilhador impulsivo,1,VERDADEIRA,3,Compartilhador impulsivo
4,5,1,3,2,5,5,Compartilhador impulsivo,5,FALSA,3,Compartilhador impulsivo
5,5,1,2,2,5,5,Compartilhador impulsivo,4,VERDADEIRA,3,Compartilhador impulsivo
5,4,3,3,2,4,5,Compartilhador impulsivo,3,VERDADEIRA,5,Reativo emocional
5,4,1,3,2,5,5,Compartilhador impulsivo,5,FALSA,3,Compartilhador impulsivo
4,5,1,5,1,5,5,Compartilhador impulsivo,5,FALSA,3,Compartilhador impulsivo
5,3,1,4,3,4,4,Compartilhador impulsivo,5,FALSA,5,Reativo emocional
3,4,1,5,2,5,5,Compartilhador impulsivo,5,VERDADEIRA,3,Compartilhador impulsivo
5,4,2,4,2,5,5,Compartilhador impulsivo,4,FALSA,3,Compartilhador impulsivo
5,5,2,3,3,5,5,Compartilhador impulsivo,4,VERDADEIRA,3,Compartilhador impulsivo
4,5,1,4,2,5,5,Compartilhador impulsivo,3,VERDADEIRA,3,Compartilhador impulsivo
5,5,2,3,3,5,5,Compartilhador impulsivo,4,FALSA,3,Compartilhador impulsivo
5,4,2,3,1,4,5,Compartilhador impulsivo,4,FALSA,3,Compartilhador impulsivo
4,4,1,5,2,5,5,Compartilhador impulsivo,1,FALSA,3,Compartilhador impulsivo
4,5,1,4,2,5,5,Compartilhador impulsivo,1,FALSA,3,Compartilhador impulsivo
4,4,2,4,2,5,5,Compartilhador impulsivo,2,VERDADEIRA,3,Compartilhador impulsivo
5,5,3,5,3,5,5,Compartilhador impulsivo,3,FALSA,3,Compartilhador impulsivo
5,5,1,4,3,5,5,Compartilhador impulsivo,1,VERDADEIRA,3,Compartilhador impulsivo
5,4,1,4,3,5,5,Compartilhador impulsivo,3,FALSA,3,Compartilhador impulsivo
5,4,1,5,3,5,5,Compartilhador impulsivo,3,FALSA,3,Compartilhador impulsivo
4,5,1,3,3,5,5,Compartilhador impulsivo,5,FALSA,3,Compartilhador impulsivo
5,5,2,3,2,4,5,Compartilhador impulsivo,3,VERDADEIRA,3,Compartilhador impulsivo
5,4,2,5,2,5,3,Compartilhador impulsivo,5,FALSA,1,Crente resistente
5,5,1,5,3,5,5,Compartilhador impulsivo,2,VERDADEIRA,3,Compartilhador impulsivo
3,5,1,3,1,5,5,Compartilhador impulsivo,2,FALSA,3,Compartilhador impulsivo
5,5,1,5,3,5,5,Compartilhador impulsivo,2,FALSA,3,Compartilhador impulsivo
4,5,1,4,2,4,4,Compartilhador impulsivo,5,VERDADEIRA,1,Crente resistente
4,4,2,5,2,5,4,Compartilhador impulsivo,5,VERDADEIRA,1,Crente resistente
4,4,1,5,1,5,5,Compartilhador impulsivo,2,FALSA,3,Compartilhador impulsivo
4,4,2,4,3,5,4,Compartilhador impulsivo,5,FALSA,3,Compartilhador impulsivo
5,3,1,3,1,5,5,Compartilhador impulsivo,4,VERDADEIRA,3,Compartilhador impulsivo
5,4,2,4,2,5,5,Compartilhador impulsivo,4,FALSA,3,Compartilhador impulsivo
4,3,1,4,2,5,5,Compartilhador impulsivo,5,VERDADEIRA,3,Compartilhador impulsivo
5,4,2,5,1,4,5,Compartilhador impulsivo,5,FALSA,1,Crente resistente
5,5,2,2,1,5,5,Compartilhador impulsivo,1,VERDADEIRA,3,Compartilhador impulsivo
5,4,3,2,2,5,5,Compartilhador impulsivo,1,VERDADEIRA,5,Reativo emocional
5,5,1,3,1,5,4,Compartilhador impulsivo,3,VERDADEIRA,1,Crente resistente
5,4,1,3,3,5,4,Compartilhador impulsivo,3,VERDADEIRA,3,Compartilhador impulsivo
5,5,1,4,3,4,5,Compartilhador impulsivo,3,VERDADEIRA,3,Compartilhador impulsivo
5,4,2,3,2,5,5,Compartilhador impulsivo,2,FALSA,3,Compartilhador impulsivo
5,5,3,5,1,5,5,Compartilhador impulsivo,4,FALSA,1,Crente resistente
4,5,1,4,3,5,5,Compartilhador impulsivo,2,FALSA,3,Compartilhador impulsivo
5,5,2,5,3,4,5,Compartilhador impulsivo,5,FALSA,3,Compartilhador impulsivo
5,4,1,3,3,5,5,Compartilhador impulsivo,1,FALSA,3,Compartilhador impulsivo
3,4,1,3,3,5,4,Compartilhador impulsivo,5,FALSA,5,Reativo emocional
4,4,1,5,3,5,5,Compartilhador impulsivo,5,FALSA,3,Compartilhador impulsivo
5,5,2,4,2,5,5,Compartilhador impulsivo,1,FALSA,3,Compartilhador impulsivo
4,4,1,4,2,5,5,Compartilhador impulsivo,5,FALSA,3,Compartilhador impulsivo
5,5,1,4,1,5,5,Compartilhador impulsivo,3,VERDADEIRA,3,Compartilhador impulsivo
5,5,2,4,2,5,5,Compartilhador impulsivo,1,VERDADEIRA,3,Compartilhador impulsivo
5,5,2,4,3,4,5,Compartilhador impulsivo,5,FALSA,3,Compartilhador impulsivo
4,5,1,5,2,5,5,Compartilhador impulsivo,3,VERDADEIRA,3,Compartilhador impulsivo
4,4,2,3,3,5,5,Compartilhador impulsivo,3,FALSA,5,Reativo emocional
4,4,2,4,3,5,5,Compartilhador impulsivo,4,VERDADEIRA,3,Compartilhador impulsivo
5,4,1,4,2,4,4,Compartilhador impulsivo,3,VERDADEIRA,1,Crente resistente
5,5,2,4,3,5,5,Compartilhador impulsivo,2,VERDADEIRA,3,Compartilhador impulsivo
4,4,1,4,1,5,5,Compartilhador impulsivo,1,FALSA,3,Compartilhador impulsivo
4,4,1,4,2,5,4,Compartilhador impulsivo,1,FALSA,3,Compartilhador impulsivo
5,5,2,4,2,5,4,Compartilhador impulsivo,1,FALSA,1,Crente resistente
4,4,1,5,2,5,4,Compartilhador impulsivo,5,FALSA,3,Compartilhador impulsivo
4,4,1,4,2,4,5,Compartilhador impulsivo,5,VERDADEIRA,3,Compartilhador impulsivo
5,5,3,4,3,5,4,Compartilhador impulsivo,2,FALSA,3,Compartilhador impulsivo
5,5,2,4,2,5,5,Compartilhador impulsivo,3,VERDADEIRA,3,Compartilhador impulsivo
4,5,2,4,2,4,5,Compartilhador impulsivo,5,FALSA,3,Compartilhador impulsivo
4,4,2,3,3,4,5,Compartilhador impulsivo,3,VERDADEIRA,5,Reativo emocional
4,4,2,4,3,4,5,Compartilhador impulsivo,3,VERDADEIRA,5,Reativo emocional
4,4,2,5,2,5,4,Compartilhador impulsivo,5,VERDADEIRA,1,Crente resistente
5,5,1,5,2,5,5,Compartilhador impulsivo,5,VERDADEIRA,3,Compartilhador impulsivo
5,5,2,4,2,5,5,Compartilhador impulsivo,2,FALSA,3,Compartilhador impulsivo
4,5,3,4,3,5,4,Compartilhador impulsivo,4,FALSA,3,Compartilhador impulsivo
5,5,2,4,3,5,5,Compartilhador impulsivo,1,VERDADEIRA,3,Compartilhador impulsivo
4,5,1,4,1,5,3,Compartilhador impulsivo,5,FALSA,1,Crente resistente
4,3,2,4,1,5,4,Compartilhador impulsivo,5,FALSA,3,Compartilhador impulsivo
2,5,1,3,2,4,5,Compartilhador impulsivo,3,VERDADEIRA,5,Reativo emocional
4,5,1,4,3,5,5,Compartilhador impulsivo,4,FALSA,3,Compartilhador impulsivo
4,5,1,4,1,5,5,Compartilhador impulsivo,5,FALSA,3,Compartilhador impulsivo
5,5,2,4,1,5,5,Compartilhador impulsivo,4,FALSA,3,Compartilhador impulsivo
5,5,2,4,1,4,4,Compartilhador impulsivo,1,VERDADEIRA,1,Crente resistente
5,4,1,4,2,5,5,Compartilhador impulsivo,3,FALSA,3,Compartilhador impulsivo
3,4,2,4,1,4,5,Compartilhador impulsivo,2,VERDADEIRA,3,Compartilhador impulsivo
5,4,1,3,2,5,5,Compartilhador impulsivo,1,VERDADEIRA,3,Compartilhador impulsivo
4,5,1,4,3,5,3,Compartilhador impulsivo,4,VERDADEIRA,1,Crente resistente
5,5,1,4,3,4,5,Compartilhador impulsivo,4,FALSA,3,Compartilhador impulsivo
3,4,1,4,1,5,3,Compartilhador impulsivo,1,FALSA,1,Crente resistente
5,4,2,3,2,5,5,Compartilhador impulsivo,4,FALSA,3,Compartilhador impulsivo
5,4,1,3,3,5,4,Compartilhador impulsivo,2,VERDADEIRA,3,Compartilhador impulsivo
4,5,2,5,2,4,5,Compartilhador impulsivo,2,FALSA,3,Compartilhador impulsivo
5,3,1,4,2,5,5,Compartilhador impulsivo,4,VERDADEIRA,3,Compartilhador impulsivo
5,4,1,4,2,5,5,Compartilhador impulsivo,4,FALSA,3,Compartilhador impulsivo
4,4,2,3,1,4,5,Compartilhador impulsivo,2,VERDADEIRA,3,Compartilhador impulsivo
4,4,2,5,3,5,5,Compartilhador impulsivo,4,FALSA,3,Compartilhador impulsivo
5,5,1,2,2,5,4,Compartilhador impulsivo,5,FALSA,3,Compartilhador impulsivo
4,5,1,5,2,5,5,Compartilhador impulsivo,3,FALSA,3,Compartilhador impulsivo
4,4,1,3,2,5,5,Compartilhador impulsivo,5,VERDADEIRA,3,Compartilhador impulsivo
3,4,2,5,2,5,4,Compartilhador impulsivo,4,VERDADEIRA,3,Compartilhador impulsivo
4,4,1,3,1,5,5,Compartilhador impulsivo,4,FALSA,3,Compartilhador impulsivo
4,5,2,4,2,5,4,Compartilhador impulsivo,3,VERDADEIRA,3,Compartilhador impulsivo
4,5,2,4,2,5,5,Compartilhador impulsivo,4,VERDADEIRA,3,Compartilhador impulsivo
5,5,1,3,2,5,5,Compartilhador impulsivo,3,VERDADEIRA,3,Compartilhador impulsivo
5,5,1,3,2,5,5,Compartilhador impulsivo,2,FALSA,3,Compartilhador impulsivo
4,5,1,4,2,5,4,Compartilhador impulsivo,3,FALSA,3,Compartilhador impulsivo
5,4,1,5,2,5,5,Compartilhador impulsivo,3,FALSA,3,Compartilhador impulsivo
4,4,1,4,2,4,5,Compartilhador impulsivo,5,VERDADEIRA,3,Compartilhador impulsivo
5,5,1,4,3,4,4,Compartilhador impulsivo,4,FALSA,1,Crente resistente
5,4,1,5,1,5,5,Compartilhador impulsivo,2,VERDADEIRA,3,Compartilhador impulsivo
4,5,2,4,1,5,4,Compartilhador impulsivo,1,VERDADEIRA,1,Crente resistente
5,5,1,4,1,4,4,Compartilhador impulsivo,3,FALSA,1,Crente resistente
4,4,2,3,2,5,5,Compartilhador impulsivo,1,FALSA,3,Compartilhador impulsivo
5,5,2,3,2,5,4,Compartilhador impulsivo,4,FALSA,3,Compartilhador impulsivo
4,4,2,4,2,5,4,Compartilhador impulsivo,3,VERDADEIRA,3,Compartilhador impulsivo
3,4,1,4,3,5,5,Compartilhador impulsivo,1,VERDADEIRA,5,Reativo emocional
4,4,2,4,2,5,5,Compartilhador impulsivo,5,FALSA,3,Compartilhador impulsivo
5,5,3,5,1,5,5,Compartilhador impulsivo,1,VERDADEIRA,1,Crente resistente
5,4,2,4,1,4,5,Compartilhador impulsivo,5,FALSA,3,Compartilhador impulsivo
4,4,2,4,2,4,5,Compartilhador impulsivo,2,FALSA,3,Compartilhador impulsivo
4,4,1,5,2,5,4,Compartilhador impulsivo,4,FALSA,3,Compartilhador impulsivo
3,5,3,3,2,5,5,Compartilhador impulsivo,1,FALSA,5,Reativo emocional
5,5,1,4,2,5,4,Compartilhador impulsivo,3,FALSA,1,Crente resistente
5,5,1,5,2,5,5,Compartilhador impulsivo,4,FALSA,3,Compartilhador impulsivo
5,5,2,3,2,5,5,Compartilhador impulsivo,1,VERDADEIRA,3,Compartilhador impulsivo
5,5,1,4,3,4,5,Compartilhador impulsivo,3,VERDADEIRA,3,Compartilhador impulsivo
5,4,1,4,3,5,5,Compartilhador impulsivo,3,FALSA,3,Compartilhador impulsivo
4,5,2,3,2,5,5,Compartilhador impulsivo,3,FALSA,3,Compartilhador impulsivo
5,5,1,5,1,5,5,Compartilhador impulsivo,3,VERDADEIRA,1,Crente resistente
5,5,1,4,1,5,5,Compartilhador impulsivo,1,VERDADEIRA,3,Compartilhador impulsivo
4,5,2,4,3,5,4,Compartilhador impulsivo,2,FALSA,3,Compartilhador impulsivo
3,5,2,3,3,4,4,Compartilhador impulsivo,5,FALSA,5,Reativo emocional
5,3,2,5,2,5,5,Compartilhador impulsivo,5,VERDADEIRA,3,Compartilhador impulsivo
5,4,2,5,2,5,5,Compartilhador impulsivo,5,FALSA,3,Compartilhador impulsivo
5,4,1,5,2,5,5,Compartilhador impulsivo,2,VERDADEIRA,3,Compartilhador impulsivo
4,5,1,4,2,5,5,Compartilhador impulsivo,3,FALSA,3,Compartilhador impulsivo
5,4,1,4,2,5,4,Compartilhador impulsivo,3,VERDADEIRA,3,Compartilhador impulsivo
5,5,1,5,1,4,5,Compartilhador impulsivo,4,FALSA,1,Crente resistente
3,5,1,3,3,5,5,Compartilhador impulsivo,5,FALSA,5,Reativo emocional
5,4,2,5,2,4,5,Compartilhador impulsivo,5,FALSA,3,Compartilhador impulsivo
5,4,4,5,2,5,5,Compartilhador impulsivo,3,VERDADEIRA,3,Compartilhador impulsivo
4,4,1,3,1,5,4,Compartilhador impulsivo,5,FALSA,3,Compartilhador impulsivo
5,3,2,4,3,5,4,Compartilhador impulsivo,3,VERDADEIRA,3,Compartilhador impulsivo
4,5,1,4,2,4,4,Compartilhador impulsivo,3,VERDADEIRA,1,Crente resistente
4,4,3,5,2,5,5,Compartilhador impulsivo,3,VERDADEIRA,3,Compartilhador impulsivo
5,5,2,3,2,5,4,Compartilhador impulsivo,1,VERDADEIRA,3,Compartilhador impulsivo
4,5,2,4,3,5,5,Compartilhador impulsivo,1,FALSA,3,Compartilhador impulsivo
5,3,1,4,3,5,4,Compartilhador impulsivo,1,FALSA,3,Compartilhador impulsivo
5,5,1,4,1,3,4,Compartilhador impulsivo,1,FALSA,1,Crente resistente
5,5,1,3,2,5,5,Compartilhador impulsivo,2,VERDADEIRA,3,Compartilhador impulsivo
4,5,2,4,3,5,5,Compartilhador impulsivo,4,FALSA,3,Compartilhador impulsivo
4,4,1,4,2,5,5,Compartilhador impulsivo,4,VERDADEIRA,3,Compartilhador impulsivo
5,4,1,5,3,5,5,Compartilhador impulsivo,3,VERDADEIRA,3,Compartilhador impulsivo
4,4,1,3,2,5,5,Compartilhador impulsivo,5,VERDADEIRA,3,Compartilhador impulsivo
3,4,2,4,2,5,4,Compartilhador impulsivo,1,FALSA,3,Compartilhador impulsivo
4,4,1,4,2,4,4,Compartilhador impulsivo,4,VERDADEIRA,3,Compartilhador impulsivo
4,4,2,4,2,5,5,Compartilhador impulsivo,4,FALSA,3,Compartilhador impulsivo
4,5,2,5,2,4,5,Compartilhador impulsivo,1,FALSA,3,Compartilhador impulsivo
4,5,3,4,2,5,5,Compartilhador impulsivo,2,FALSA,3,Compartilhador impulsivo
5,4,2,4,3,5,5,Compartilhador impulsivo,2,VERDADEIRA,3,Compartilhador impulsivo
4,4,1,3,2,5,5,Compartilhador impulsivo,4,FALSA,3,Compartilhador impulsivo
5,5,1,5,3,5,5,Compartilhador impulsivo,2,VERDADEIRA,3,Compartilhador impulsivo
4,4,1,5,1,5,4,Compartilhador impulsivo,1,VERDADEIRA,1,Crente resistente
4,4,3,3,3,5,3,Compartilhador impulsivo,4,VERDADEIRA,5,Reativo emocional
4,5,1,5,2,5,5,Compartilhador impulsivo,1,VERDADEIRA,3,Compartilhador impulsivo
5,4,1,4,2,5,4,Compartilhador impulsivo,2,FALSA,3,Compartilhador impulsivo
5,5,1,4,1,4,5,Compartilhador impulsivo,1,FALSA,1,Crente resistente
5,4,2,4,1,5,5,Compartilhador impulsivo,2,FALSA,3,Compartilhador impulsivo
5,5,2,4,1,5,5,Compartilhador impulsivo,2,FALSA,3,Compartilhador impulsivo
5,5,1,4,2,4,5,Compartilhador impulsivo,1,VERDADEIRA,3,Compartilhador impulsivo
4,5,1,5,2,5,5,Compartilhador impulsivo,2,VERDADEIRA,3,Compartilhador impulsivo
5,3,1,3,1,4,5,Compartilhador impulsivo,3,VERDADEIRA,3,Compartilhador impulsivo
4,5,1,5,2,5,5,Compartilhador impulsivo,1,VERDADEIRA,3,Compartilhador impulsivo
5,5,1,4,1,4,3,Compartilhador impulsivo,3,FALSA,1,Crente resistente
4,5,1,5,2,5,5,Compartilhador impulsivo,1,FALSA,3,Compartilhador impulsivo
3,3,2,4,2,4,5,Compartilhador impulsivo,2,VERDADEIRA,5,Reativo emocional
4,5,1,4,3,5,5,Compartilhador impulsivo,2,VERDADEIRA,3,Compartilhador impulsivo
4,5,2,4,2,5,5,Compartilhador impulsivo,4,VERDADEIRA,3,Compartilhador impulsivo
4,3,3,5,1,5,4,Compartilhador impulsivo,4,VERDADEIRA,1,Crente resistente
4,3,1,3,2,5,4,Compartilhador impulsivo,3,FALSA,5,Reativo emocional
5,4,2,4,3,4,4,Compartilhador impulsivo,2,VERDADEIRA,5,Reativo emocional
4,5,2,4,2,3,5,Compartilhador impulsivo,4,FALSA,5,Reativo emocional
5,5,1,4,2,5,5,Compartilhador impulsivo,2,FALSA,3,Compartilhador impulsivo
4,4,2,4,3,5,5,Compartilhador impulsivo,1,VERDADEIRA,3,Compartilhador impulsivo
3,3,2,4,3,5,5,Compartilhador impulsivo,4,VERDADEIRA,5,Reativo emocional
4,4,2,4,2,5,4,Compartilhador impulsivo,3,FALSA,3,Compartilhador impulsivo
5,4,1,5,2,5,5,Compartilhador impulsivo,4,FALSA,3,Compartilhador impulsivo
5,5,2,5,1,5,4,Compartilhador impulsivo,2,VERDADEIRA,1,Crente resistente
4,4,1,5,3,5,5,Compartilhador impulsivo,5,FALSA,3,Compartilhador impulsivo
4,5,2,4,2,5,5,Compartilhador impulsivo,5,VERDADEIRA,3,Compartilhador impulsivo
4,4,2,5,1,5,5,Compartilhador impulsivo,2,VERDADEIRA,3,Compartilhador impulsivo
4,5,1,4,2,5,5,Compartilhador impulsivo,1,FALSA,3,Compartilhador impulsivo
4,4,1,2,2,5,4,Compartilhador impulsivo,4,FALSA,5,Reativo emocional
5,5,1,5,2,5,4,Compartilhador impulsivo,5,VERDADEIRA,1,Crente resistente
4,4,1,5,4,5,5,Compartilhador impulsivo,1,VERDADEIRA,3,Compartilhador impulsivo
4,3,2,4,4,5,5,Compartilhador impulsivo,2,FALSA,5,Reativo emocional
5,5,1,3,2,5,5,Compartilhador impulsivo,1,FALSA,3,Compartilhador impulsivo
4,4,2,5,2,5,4,Compartilhador impulsivo,2,FALSA,1,Crente resistente
4,5,1,4,1,4,5,Compartilhador impulsivo,4,FALSA,3,Compartilhador impulsivo
5,4,1,2,3,5,5,Compartilhador impulsivo,1,VERDADEIRA,5,Reativo emocional
4,3,2,5,1,5,5,Compartilhador impulsivo,4,VERDADEIRA,3,Compartilhador impulsivo
3,2,4,2,5,1,1,Cético de baixa circulação,1,VERDADEIRA,4,Cético de baixa circulação
1,2,5,1,4,1,1,Cético de baixa circulação,2,FALSA,4,Cético de baixa circulação
2,1,3,1,5,1,2,Cético de baixa circulação,2,FALSA,4,Cético de baixa circulação
2,2,3,1,5,1,1,Cético de baixa circulação,1,VERDADEIRA,4,Cético de baixa circulação
3,1,5,1,3,1,1,Cético de baixa circulação,2,FALSA,4,Cético de baixa circulação
3,3,4,2,4,2,2,Cético de baixa circulação,3,FALSA,4,Cético de baixa circulação
2,3,4,1,4,2,1,Cético de baixa circulação,3,FALSA,4,Cético de baixa circulação
2,3,5,1,4,1,2,Cético de baixa circulação,4,FALSA,4,Cético de baixa circulação
2,2,3,2,4,1,2,Cético de baixa circulação,3,FALSA,4,Cético de baixa circulação
3,1,4,1,4,1,1,Cético de baixa circulação,3,FALSA,4,Cético de baixa circulação
2,3,4,1,4,1,2,Cético de baixa circulação,5,VERDADEIRA,4,Cético de baixa circulação
3,2,4,1,3,2,2,Cético de baixa circulação,5,VERDADEIRA,4,Cético de baixa circulação
2,1,4,1,5,1,1,Cético de baixa circulação,5,VERDADEIRA,4,Cético de baixa circulação
2,4,4,1,5,1,1,Cético de baixa circulação,5,VERDADEIRA,4,Cético de baixa circulação
2,2,4,2,4,1,1,Cético de baixa circulação,2,FALSA,4,Cético de baixa circulação
3,2,4,1,4,1,2,Cético de baixa circulação,4,VERDADEIRA,4,Cético de baixa circulação
2,2,2,2,3,3,3,Cético de baixa circulação,4,VERDADEIRA,4,Cético de baixa circulação
1,3,3,1,4,1,2,Cético de baixa circulação,3,VERDADEIRA,4,Cético de baixa circulação
1,2,3,1,4,2,1,Cético de baixa circulação,4,VERDADEIRA,4,Cético de baixa circulação
1,3,3,1,4,2,1,Cético de baixa circulação,3,FALSA,4,Cético de baixa circulação
1,2,3,1,5,2,3,Cético de baixa circulação,4,FALSA,4,Cético de baixa circulação
2,2,3,1,4,2,1,Cético de baixa circulação,1,VERDADEIRA,4,Cético de baixa circulação
2,1,4,1,3,1,1,Cético de baixa circulação,1,VERDADEIRA,4,Cético de baixa circulação
2,1,4,1,4,1,2,Cético de baixa circulação,4,FALSA,4,Cético de baixa circulação
2,2,2,1,4,1,1,Cético de baixa circulação,2,FALSA,4,Cético de baixa circulação
3,1,5,2,4,1,2,Cético de baixa circulação,3,VERDADEIRA,0,Verificador crítico
2,2,4,2,3,1,1,Cético de baixa circulação,4,FALSA,4,Cético de baixa circulação
2,1,4,1,4,2,1,Cético de baixa circulação,3,FALSA,4,Cético de baixa circulação
2,2,4,2,4,1,1,Cético de baixa circulação,5,VERDADEIRA,4,Cético de baixa circulação
4,2,5,1,4,2,2,Cético de baixa circulação,4,FALSA,4,Cético de baixa circulação
3,2,4,2,5,1,2,Cético de baixa circulação,2,VERDADEIRA,0,Verificador crítico
2,2,3,1,3,2,1,Cético de baixa circulação,5,VERDADEIRA,4,Cético de baixa circulação
2,1,3,1,5,1,3,Cético de baixa circulação,4,FALSA,4,Cético de baixa circulação
3,2,4,1,5,2,2,Cético de baixa circulação,1,FALSA,4,Cético de baixa circulação
1,2,3,1,4,1,1,Cético de baixa circulação,4,FALSA,4,Cético de baixa circulação
2,1,4,1,3,1,1,Cético de baixa circulação,1,FALSA,4,Cético de baixa circulação
2,2,4,2,5,1,2,Cético de baixa circulação,1,FALSA,0,Verificador crítico
2,2,3,1,5,1,1,Cético de baixa circulação,4,FALSA,4,Cético de baixa circulação
3,1,3,2,5,1,2,Cético de baixa circulação,4,VERDADEIRA,4,Cético de baixa circulação
2,2,4,1,4,1,2,Cético de baixa circulação,1,FALSA,4,Cético de baixa circulação
4,5,2,3,4,5,5,Reativo emocional,3,VERDADEIRA,5,Reativo emocional
4,4,1,3,3,4,5,Reativo emocional,5,FALSA,5,Reativo emocional
4,3,2,5,3,4,5,Reativo emocional,2,FALSA,5,Reativo emocional
4,5,1,3,3,4,4,Reativo emocional,4,FALSA,5,Reativo emocional
5,4,3,5,2,2,5,Reativo emocional,5,FALSA,1,Crente resistente
4,3,2,5,3,5,4,Reativo emocional,5,FALSA,3,Compartilhador impulsivo
3,5,2,3,4,3,4,Reativo emocional,3,VERDADEIRA,5,Reativo emocional
4,4,3,4,3,3,5,Reativo emocional,5,VERDADEIRA,5,Reativo emocional
3,3,2,4,2,4,5,Reativo emocional,4,VERDADEIRA,5,Reativo emocional
5,4,3,3,4,3,5,Reativo emocional,5,FALSA,5,Reativo emocional
5,4,2,3,4,5,5,Reativo emocional,4,FALSA,5,Reativo emocional
3,5,3,4,3,4,5,Reativo emocional,4,FALSA,5,Reativo emocional
5,4,3,4,2,3,5,Reativo emocional,1,VERDADEIRA,5,Reativo emocional
5,5,2,4,3,4,5,Reativo emocional,3,VERDADEIRA,3,Compartilhador impulsivo
3,5,3,5,3,3,5,Reativo emocional,2,FALSA,5,Reativo emocional
4,4,2,4,4,4,3,Reativo emocional,1,VERDADEIRA,5,Reativo emocional
4,4,2,3,3,4,5,Reativo emocional,2,FALSA,5,Reativo emocional
4,4,2,1,2,3,5,Reativo emocional,4,FALSA,5,Reativo emocional
5,4,3,4,3,4,5,Reativo emocional,1,VERDADEIRA,5,Reativo emocional
4,4,3,4,3,3,5,Reativo emocional,5,VERDADEIRA,5,Reativo emocional
3,3,2,3,4,3,5,Reativo emocional,5,VERDADEIRA,5,Reativo emocional
5,4,1,2,3,4,5,Reativo emocional,2,VERDADEIRA,5,Reativo emocional
4,4,1,4,3,4,4,Reativo emocional,4,FALSA,5,Reativo emocional
3,5,3,4,3,3,5,Reativo emocional,2,FALSA,5,Reativo emocional
4,4,2,2,4,3,5,Reativo emocional,3,VERDADEIRA,5,Reativo emocional
5,4,2,4,2,4,5,Reativo emocional,5,VERDADEIRA,3,Compartilhador impulsivo
3,4,3,4,4,3,5,Reativo emocional,1,VERDADEIRA,5,Reativo emocional
4,5,2,3,2,5,5,Reativo emocional,1,VERDADEIRA,3,Compartilhador impulsivo
3,2,2,4,2,3,5,Reativo emocional,1,FALSA,5,Reativo emocional
5,4,1,4,3,4,5,Reativo emocional,5,FALSA,3,Compartilhador impulsivo
5,4,1,4,4,4,5,Reativo emocional,4,FALSA,5,Reativo emocional
4,4,1,3,4,5,5,Reativo emocional,5,FALSA,5,Reativo emocional
3,5,1,4,3,3,5,Reativo emocional,5,FALSA,5,Reativo emocional
4,4,2,5,4,4,5,Reativo emocional,1,FALSA,5,Reativo emocional
5,5,1,4,4,5,5,Reativo emocional,5,FALSA,3,Compartilhador impulsivo
4,3,2,4,3,4,4,Reativo emocional,1,VERDADEIRA,5,Reativo emocional
5,3,2,4,3,4,4,Reativo emocional,4,FALSA,5,Reativo emocional
4,5,3,3,2,3,5,Reativo emocional,3,VERDADEIRA,5,Reativo emocional
3,4,3,3,3,5,5,Reativo emocional,1,VERDADEIRA,5,Reativo emocional
4,5,2,3,3,3,5,Reativo emocional,2,VERDADEIRA,5,Reativo emocional
5,5,2,4,2,3,5,Reativo emocional,3,FALSA,1,Crente resistente
4,3,2,3,4,3,4,Reativo emocional,4,FALSA,5,Reativo emocional
4,5,2,4,3,4,5,Reativo emocional,3,FALSA,5,Reativo emocional
4,3,1,4,2,5,5,Reativo emocional,1,FALSA,3,Compartilhador impulsivo
4,4,2,3,3,3,4,Reativo emocional,4,VERDADEIRA,5,Reativo emocional
3,5,2,3,4,3,4,Reativo emocional,2,FALSA,5,Reativo emocional
4,5,2,2,3,4,5,Reativo emocional,1,VERDADEIRA,5,Reativo emocional
3,4,1,4,2,4,4,Reativo emocional,1,FALSA,5,Reativo emocional
2,5,2,4,2,4,5,Reativo emocional,4,FALSA,5,Reativo emocional
4,3,2,3,2,3,5,Reativo emocional,4,VERDADEIRA,5,Reativo emocional
3,4,2,3,2,3,5,Reativo emocional,3,VERDADEIRA,5,Reativo emocional
3,4,3,3,3,4,5,Reativo emocional,2,VERDADEIRA,5,Reativo emocional
5,4,2,4,4,4,5,Reativo emocional,3,FALSA,5,Reativo emocional
4,3,2,3,4,5,5,Reativo emocional,3,FALSA,5,Reativo emocional
5,4,3,3,2,4,5,Reativo emocional,1,VERDADEIRA,5,Reativo emocional
3,4,3,3,4,4,5,Reativo emocional,4,FALSA,5,Reativo emocional
4,4,2,3,4,4,5,Reativo emocional,1,VERDADEIRA,5,Reativo emocional
3,3,3,3,3,5,5,Reativo emocional,2,FALSA,5,Reativo emocional
5,4,1,4,3,5,4,Reativo emocional,3,VERDADEIRA,3,Compartilhador impulsivo
4,3,2,3,2,4,5,Reativo emocional,2,VERDADEIRA,5,Reativo emocional
5,4,3,4,4,4,4,Reativo emocional,4,FALSA,5,Reativo emocional
4,3,2,4,3,5,5,Reativo emocional,4,VERDADEIRA,5,Reativo emocional
3,5,2,4,2,4,4,Reativo emocional,5,FALSA,1,Crente resistente
2,4,2,3,3,4,5,Reativo emocional,2,FALSA,5,Reativo emocional
4,4,2,3,3,4,5,Reativo emocional,1,VERDADEIRA,5,Reativo emocional
4,4,2,4,2,3,5,Reativo emocional,2,VERDADEIRA,5,Reativo emocional
5,4,2,3,2,5,5,Reativo emocional,3,FALSA,3,Compartilhador impulsivo
5,5,1,3,3,3,4,Reativo emocional,4,FALSA,5,Reativo emocional
5,4,2,3,3,3,5,Reativo emocional,4,VERDADEIRA,5,Reativo emocional
5,4,2,2,3,4,5,Reativo emocional,2,VERDADEIRA,5,Reativo emocional
4,3,2,3,3,4,5,Reativo emocional,2,VERDADEIRA,5,Reativo emocional
4,5,2,3,4,4,4,Reativo emocional,2,FALSA,5,Reativo emocional
4,5,2,3,3,4,5,Reativo emocional,3,FALSA,5,Reativo emocional
5,4,1,5,3,5,5,Reativo emocional,3,FALSA,3,Compartilhador impulsivo
4,4,1,3,3,2,5,Reativo emocional,1,VERDADEIRA,5,Reativo emocional
4,5,2,4,4,5,5,Reativo emocional,2,VERDADEIRA,5,Reativo emocional
4,4,2,4,3,4,5,Reativo emocional,1,FALSA,5,Reativo emocional
4,3,2,3,4,3,5,Reativo emocional,5,FALSA,5,Reativo emocional
5,4,2,3,3,4,5,Reativo emocional,3,VERDADEIRA,5,Reativo emocional
4,4,2,4,4,3,5,Reativo emocional,4,FALSA,5,Reativo emocional
4,5,2,4,3,4,5,Reativo emocional,5,VERDADEIRA,5,Reativo emocional
5,4,2,3,4,4,5,Reativo emocional,4,VERDADEIRA,5,Reativo emocional
4,5,3,3,2,4,5,Reativo emocional,5,VERDADEIRA,5,Reativo emocional
5,4,1,3,3,3,5,Reativo emocional,1,FALSA,5,Reativo emocional
5,4,2,4,3,5,5,Reativo emocional,1,FALSA,3,Compartilhador impulsivo
3,4,4,4,3,4,5,Reativo emocional,3,VERDADEIRA,5,Reativo emocional
3,5,2,3,3,4,5,Reativo emocional,4,VERDADEIRA,5,Reativo emocional
5,3,2,4,3,5,5,Reativo emocional,5,FALSA,3,Compartilhador impulsivo
4,4,3,2,3,5,5,Reativo emocional,2,VERDADEIRA,5,Reativo emocional
4,4,1,4,5,4,5,Reativo emocional,2,FALSA,5,Reativo emocional
4,3,2,3,2,5,4,Reativo emocional,3,FALSA,5,Reativo emocional
5,5,2,3,3,4,4,Reativo emocional,4,FALSA,5,Reativo emocional
3,4,1,3,3,4,5,Reativo emocional,2,VERDADEIRA,5,Reativo emocional
4,4,2,3,3,3,5,Reativo emocional,3,VERDADEIRA,5,Reativo emocional
3,5,1,3,3,5,5,Reativo emocional,3,VERDADEIRA,5,Reativo emocional
5,3,2,3,3,4,5,Reativo emocional,4,VERDADEIRA,5,Reativo emocional
4,3,1,3,4,5,5,Reativo emocional,2,FALSA,5,Reativo emocional
5,3,1,2,3,4,4,Reativo emocional,2,VERDADEIRA,5,Reativo emocional
4,4,2,3,4,4,5,Reativo emocional,2,FALSA,5,Reativo emocional
4,4,1,3,2,3,5,Reativo emocional,1,VERDADEIRA,5,Reativo emocional
4,4,1,3,4,4,4,Reativo emocional,2,VERDADEIRA,5,Reativo emocional
5,5,2,4,4,3,5,Reativo emocional,5,VERDADEIRA,5,Reativo emocional
5,4,2,3,3,4,4,Reativo emocional,1,VERDADEIRA,5,Reativo emocional
4,3,2,3,2,4,5,Reativo emocional,1,VERDADEIRA,5,Reativo emocional
4,4,4,4,4,3,5,Reativo emocional,1,FALSA,5,Reativo emocional
4,3,3,4,3,3,4,Reativo emocional,1,VERDADEIRA,5,Reativo emocional
4,4,2,4,3,5,5,Reativo emocional,3,VERDADEIRA,3,Compartilhador impulsivo
3,4,2,4,3,4,5,Reativo emocional,5,VERDADEIRA,5,Reativo emocional
4,5,2,3,4,4,5,Reativo emocional,4,VERDADEIRA,5,Reativo emocional
4,4,2,2,2,5,5,Reativo emocional,2,VERDADEIRA,5,Reativo emocional
5,3,2,4,3,4,5,Reativo emocional,1,FALSA,5,Reativo emocional
4,4,1,5,2,3,5,Reativo emocional,4,VERDADEIRA,3,Compartilhador impulsivo
4,4,2,4,4,4,5,Reativo emocional,3,FALSA,5,Reativo emocional
4,2,1,3,3,4,5,Reativo emocional,4,VERDADEIRA,5,Reativo emocional
4,4,2,3,4,3,4,Reativo emocional,1,FALSA,5,Reativo emocional
4,4,1,4,3,3,5,Reativo emocional,5,VERDADEIRA,5,Reativo emocional
3,4,2,3,3,5,5,Reativo emocional,4,VERDADEIRA,5,Reativo emocional
3,5,2,4,4,4,5,Reativo emocional,1,FALSA,5,Reativo emocional
4,5,2,3,4,4,5,Reativo emocional,1,VERDADEIRA,5,Reativo emocional
4,4,2,3,2,3,5,Reativo emocional,2,FALSA,5,Reativo emocional
4,5,2,4,3,4,5,Reativo emocional,2,VERDADEIRA,5,Reativo emocional
4,4,1,2,3,4,5,Reativo emocional,5,FALSA,5,Reativo emocional
4,4,3,3,3,4,5,Reativo emocional,2,FALSA,5,Reativo emocional
5,4,3,3,4,5,5,Reativo emocional,5,FALSA,5,Reativo emocional
4,4,2,4,3,4,5,Reativo emocional,3,VERDADEIRA,5,Reativo emocional
4,5,2,3,3,3,5,Reativo emocional,3,FALSA,5,Reativo emocional
4,3,3,3,4,4,4,Reativo emocional,2,VERDADEIRA,5,Reativo emocional
4,4,3,4,2,5,5,Reativo emocional,3,FALSA,3,Compartilhador impulsivo
5,4,2,3,3,3,5,Reativo emocional,4,FALSA,5,Reativo emocional
3,5,3,4,3,3,5,Reativo emocional,4,FALSA,5,Reativo emocional
4,4,2,4,3,4,4,Reativo emocional,4,VERDADEIRA,5,Reativo emocional
3,4,1,3,3,4,5,Reativo emocional,3,VERDADEIRA,5,Reativo emocional
4,4,2,4,3,5,5,Reativo emocional,4,VERDADEIRA,3,Compartilhador impulsivo
4,5,1,5,4,3,5,Reativo emocional,5,FALSA,5,Reativo emocional
4,4,2,4,3,4,5,Reativo emocional,1,VERDADEIRA,5,Reativo emocional
4,3,3,3,4,4,5,Reativo emocional,2,VERDADEIRA,5,Reativo emocional
4,3,2,3,2,5,5,Reativo emocional,5,FALSA,5,Reativo emocional
3,4,2,3,4,5,4,Reativo emocional,4,FALSA,5,Reativo emocional
4,4,4,3,2,3,5,Reativo emocional,1,VERDADEIRA,5,Reativo emocional
4,3,2,4,4,4,5,Reativo emocional,2,VERDADEIRA,5,Reativo emocional
4,3,2,4,3,3,4,Reativo emocional,5,VERDADEIRA,5,Reativo emocional
4,5,3,3,2,4,4,Reativo emocional,2,FALSA,5,Reativo emocional
5,5,2,3,4,4,5,Reativo emocional,3,FALSA,5,Reativo emocional
5,3,1,3,3,4,5,Reativo emocional,4,FALSA,5,Reativo emocional
4,4,2,4,2,4,5,Reativo emocional,5,FALSA,3,Compartilhador impulsivo
5,4,4,5,2,3,5,Reativo emocional,5,FALSA,1,Crente resistente
5,4,2,3,2,5,5,Reativo emocional,1,VERDADEIRA,3,Compartilhador impulsivo
4,3,3,4,2,4,5,Reativo emocional,1,VERDADEIRA,5,Reativo emocional
4,2,2,4,3,4,5,Reativo emocional,1,VERDADEIRA,5,Reativo emocional
4,3,2,4,2,5,4,Reativo emocional,2,FALSA,3,Compartilhador impulsivo
4,3,2,4,3,4,5,Reativo emocional,4,FALSA,5,Reativo emocional
4,4,2,4,3,3,5,Reativo emocional,2,VERDADEIRA,5,Reativo emocional
5,5,3,3,3,4,5,Reativo emocional,4,VERDADEIRA,5,Reativo emocional
4,5,1,3,4,5,5,Reativo emocional,5,VERDADEIRA,5,Reativo emocional
5,5,2,2,2,4,5,Reativo emocional,2,FALSA,5,Reativo emocional
5,4,2,3,3,4,5,Reativo emocional,2,FALSA,5,Reativo emocional
3,4,2,4,2,4,5,Reativo emocional,2,FALSA,5,Reativo emocional
4,3,3,4,3,4,4,Reativo emocional,3,FALSA,5,Reativo emocional
5,5,1,4,4,3,5,Reativo emocional,4,FALSA,5,Reativo emocional
3,4,2,3,3,4,5,Reativo emocional,4,VERDADEIRA,5,Reativo emocional
4,3,2,4,4,4,5,Reativo emocional,2,VERDADEIRA,5,Reativo emocional
3,3,1,3,4,4,5,Reativo emocional,3,FALSA,5,Reativo emocional
4,3,2,4,3,3,5,Reativo emocional,2,FALSA,5,Reativo emocional
4,4,2,5,3,5,4,Reativo emocional,4,VERDADEIRA,3,Compartilhador impulsivo
4,4,2,3,2,3,4,Reativo emocional,5,FALSA,5,Reativo emocional
3,4,2,4,4,4,5,Reativo emocional,3,FALSA,5,Reativo emocional
4,5,1,3,3,3,5,Reativo emocional,3,VERDADEIRA,5,Reativo emocional
4,5,1,4,3,4,5,Reativo emocional,2,FALSA,3,Compartilhador impulsivo
5,3,2,3,4,3,3,Reativo emocional,5,FALSA,2,Crente flexível
5,4,2,4,3,4,5,Reativo emocional,4,VERDADEIRA,5,Reativo emocional
3,4,3,3,3,5,4,Reativo emocional,1,FALSA,5,Reativo emocional
4,3,2,3,3,3,5,Reativo emocional,4,FALSA,5,Reativo emocional
4,4,3,4,3,4,5,Reativo emocional,4,VERDADEIRA,5,Reativo emocional
4,5,2,3,4,4,5,Reativo emocional,5,VERDADEIRA,5,Reativo emocional
2,3,1,3,2,5,4,Reativo emocional,3,FALSA,5,Reativo emocional
4,4,1,5,4,3,5,Reativo emocional,4,VERDADEIRA,5,Reativo emocional
5,3,1,3,2,3,5,Reativo emocional,3,VERDADEIRA,5,Reativo emocional
4,4,2,3,2,4,5,Reativo emocional,5,FALSA,5,Reativo emocional
4,3,3,4,3,4,4,Reativo emocional,5,VERDADEIRA,5,Reativo emocional
5,4,3,5,3,3,3,Reativo emocional,2,FALSA,1,Crente resistente
